filename,type,attribution
Burnaby_North_Viking.jpg,image,Media by John Smith
endgame_trailer.mp4,video,Media by John Smith
DJI_0019.jpg,image,Media by John Smith
DJI_0023.jpg,image,Media by John Smith
DJI_0019.jpg,image,Media by John Smith
DJI_0023.jpg,image,Media by John Smith
DJI_0019.jpg,image,Media by John Smith
DJI_0023.jpg,image,Media by John Smith
DJI_0019.jpg,image,Media by John Smith
DJI_0023.jpg,image,Media by John Smith
DJI_0019.jpg,image,Media by John Smith
DJI_0023.jpg,image,Media by John Smith
DJI_0019.jpg,image,Media by John Smith
DJI_0023.jpg,image,Media by John Smith
DJI_0019.jpg,image,Media by John Smith
DJI_0023.jpg,image,Media by John Smith
DJI_0019.jpg,image,Media by John Smith
DJI_0023.jpg,image,Media by John Smith
DJI_0019.jpg,image,Media by John Smith
DJI_0023.jpg,image,Media by John Smith
DJI_0023.jpg,image,Media by John Smith
DJI_0019.jpg,image,Media by John Smith
DJI_0023.jpg,image,Media by John Smith
DJI_0019.jpg,image,Media by John Smith
DJI_0023.jpg,image,Media by John Smith
DJI_0023.jpg,image,Media by John Smith
DJI_0019.jpg,image,Media by John Smith
DJI_0023.jpg,image,Media by John Smith
DJI_0019.jpg,image,Media by John Smith
DJI_0023.jpg,image,Media by John Smith
